{"train/loss": 1.8117, "train/grad_norm": 2.602665662765503, "train/learning_rate": 1.2358127653054303e-06, "train/epoch": 2.0, "train/global_step": 200, "_timestamp": 1710905273.0903537, "_runtime": 753.1406407356262, "_step": 13, "eval/loss": 1.8829922676086426, "eval/runtime": 56.5158, "eval/samples_per_second": 3.539, "eval/steps_per_second": 0.442, "train/train_runtime": 755.7877, "train/train_samples_per_second": 2.117, "train/train_steps_per_second": 0.265, "train/total_flos": 2394419553239040.0, "train/train_loss": 1.8466639453172684, "_wandb": {"runtime": 852}}